city,generations,population_size,offspring_size,scheme,init_time,run_time
qa194.tsp,1000,500,200,Truncation,2.3333333333333335,18791.0
qa194.tsp,1000,500,250,Truncation,2.3333333333333335,23744.333333333332
